img name,license nr
1.jpg,KK 97-34H
2.jpg,BH 633ZE
3.jpg,RI 741-CR
4.jpg,KA 555-ZG
5.jpg,ZG 2661-AJ
6.jpg,ST 174-IC
7.jpg,ZG 9130-AG
8.jpg,977-K-593
9.jpg,ZG 4898-AC
10.jpg,ZG 6803-Z
11.jpg,ZG 264-TJ
12.jpg,ZG 9492-Z
13.jpg,538-E-945
14.jpg,KC-620-AL
15.jpg,ZG 9576-AA
16.jpg,VU 133-C
17.jpg,DU 641-CC
18.jpg,ST 245-CN
19.jpg,SI 582-AM
20.jpg,PU 646-DI
21.jpg,ZG 375-UJ
22.jpg,ZG 5114-E
23.jpg,036-J-037
24.jpg,ZG 9074-F
25.jpg,ST 364-FI
26.jpg,VT 769-E
27.jpg,ZG 7178-I
28.jpg,ZG 385-SZ
29.jpg,VU 279-AE
30.jpg,PU 658-EI
31.jpg,ZG 6983-AG
32.jpg,KR 956-CA
33.jpg,ZG 311-MR
34.jpg,ZG 9023-AI
35.jpg,ZG 128-VJ
36.jpg,ZG 2563-AC
37.jpg,ZG 662-PV
38.jpg,VU 306-J
39.jpg,BJ 765-BM
40.jpg,BJ 578-AV
41.jpg,ZG 841-ZL
42.jpg,SI 124-BP
43.jpg,ZG 707-VK
44.jpg,ZG 3710-AL
45.jpg,ZG 4940-L
46.jpg,ZG 773-VE
47.jpg,ZG NIVEA-1
48.jpg,ZG 106-LU
49.jpg,ZG 7949-AD
50.jpg,ZG 401-CC
51.jpg,ZG 2101-0
52.jpg,VU 135-F
